operator,deviceSN,deviceSKU,packageName,dsn,deviceMacAddress,stationMacAddress,stationName,PMStartTime,PMFWCostTime,PMNavCostTime,PMMCUCostTime,PMStatus,md5Check
noInfo,J26Q3081Z9I7,RV2520S0US,Lidar360P3.12.0_sprint12_rc3_scfOn_FV0.0.8_M1.0.60_RP3.12.0_sprint12_rc3_scfOn_multi_ayla_plat_14.59_Apr152021.zip,None_J26Q3081Z9I7,,a4:bb:6d:ce:ca:1c,KAY-DT-43,2021-05-18 11:09:47.252769,50.107,,11.255,failed,noInfo,1.116
noInfo,J26Q3081Z9I7,RV2520S0US,Lidar360P3.12.0_sprint12_rc3_scfOn_FV0.0.8_M1.0.60_RP3.12.0_sprint12_rc3_scfOn_multi_ayla_plat_14.59_Apr152021.zip,None_J26Q3081Z9I7,,a4:bb:6d:ce:ca:1c,KAY-DT-43,2021-05-18 11:13:22.020548,50.179,,3.707,failed,noInfo,0.788
noInfo,J26Q3081Z9I7,RV2520S0US,Lidar360P3.12.0_sprint12_rc3_scfOn_FV0.0.8_M1.0.60_RP3.12.0_sprint12_rc3_scfOn_multi_ayla_plat_14.59_Apr152021.zip,AC000W019362696,3095871B7741,a4:bb:6d:ce:ca:1c,KAY-DT-43,2021-05-18 11:20:24.552973,38.935,21.799,3.708,success,noInfo,0.795,1.358,2.609
noInfo,J26Q3081Z9I7,RV2520S0US,Lidar360P3.12.0_sprint12_rc3_scfOn_FV0.0.8_M1.0.60_RP3.12.0_sprint12_rc3_scfOn_multi_ayla_plat_14.59_Apr152021.zip,AC000W019362697,3095871B7741,a4:bb:6d:ce:ca:1c,KAY-DT-43,2021-05-18 11:26:03.116714,38.585,21.792,3.713,success,noInfo,0.793,1.417,2.494
noInfo,J26Q3081Z9I7,RV2520S0US,Lidar360P3.12.0_sprint12_rc3_scfOn_FV0.0.8_M1.0.60_RP3.12.0_sprint12_rc3_scfOn_multi_ayla_plat_14.59_Apr152021.zip,AC000W019362698,3095871B7741,a4:bb:6d:ce:ca:1c,KAY-DT-43,2021-05-18 11:28:15.053990,38.709,22.15,3.699,success,noInfo,0.781,1.176,2.247
noInfo,J26Q3082A1P2,RV2520A0US,Lidar360P3.12.0_sprint12_rc3_scfOn_FV0.0.8_M1.0.60_RP3.12.0_sprint12_rc3_scfOn_multi_ayla_plat_14.59_Apr152021.zip,AC000W019362699,3095871B7E3E,a4:bb:6d:ce:ca:1c,KAY-DT-43,2021-05-18 14:54:37.484866,38.593,23.206,11.674,success,noInfo,1.119,1.316,2.314
noInfo,J26Q3082A1P4,RV2520A0US,Lidar360P3.12.0_sprint12_rc3_scfOn_FV0.0.8_M1.0.60_RP3.12.0_sprint12_rc3_scfOn_multi_ayla_plat_14.59_Apr152021.zip,AC000W019362700,3095871B7D0D,a4:bb:6d:ce:ca:1c,KAY-DT-43,2021-05-18 14:56:24.931229,38.378,21.837,11.028,success,noInfo,1.134,1.656,2.202
noInfo,J26Q3081Z9J9,RV2520S0US,Lidar360P3.12.0_sprint12_rc3_scfOn_FV0.0.8_M1.0.60_RP3.12.0_sprint12_rc3_scfOn_multi_ayla_plat_14.59_Apr152021.zip,AC000W019362701,3095871B7F16,a4:bb:6d:ce:ca:1c,KAY-DT-43,2021-05-18 14:57:48.893259,42.476,21.841,11.54,failed,noInfo,1.148,1.325,1.962
noInfo,J26Q3082A1J7,RV2520A0US,Lidar360P3.12.0_sprint12_rc3_scfOn_FV0.0.8_M1.0.60_RP3.12.0_sprint12_rc3_scfOn_multi_ayla_plat_14.59_Apr152021.zip,AC000W019362702,3095871B7F67,a4:bb:6d:ce:ca:1c,KAY-DT-43,2021-05-18 15:00:01.345257,40.543,22.809,11.696,success,noInfo,1.127,1.139,2.23
noInfo,J26Q3081Z9J9,RV2520S0US,Lidar360P3.12.0_sprint12_rc3_scfOn_FV0.0.8_M1.0.60_RP3.12.0_sprint12_rc3_scfOn_multi_ayla_plat_14.59_Apr152021.zip,AC000W019362703,3095871B7F16,a4:bb:6d:ce:ca:1c,KAY-DT-43,2021-05-18 15:01:28.210880,39.522,21.892,3.696,success,noInfo,0.784,1.575,2.262
noInfo,J26Q3082A1M7,RV2520A0US,Lidar360P3.12.0_sprint12_rc3_scfOn_FV0.0.8_M1.0.60_RP3.12.0_sprint12_rc3_scfOn_multi_ayla_plat_14.59_Apr152021.zip,None_J26Q3082A1M7,,a4:bb:6d:ce:ca:1c,KAY-DT-43,2021-05-18 15:03:00.027284,30.535,21.892,11.031,failed,noInfo,1.124,1.575,2.262
noInfo,J26Q3082A1M7,RV2520A0US,Lidar360P3.12.0_sprint12_rc3_scfOn_FV0.0.8_M1.0.60_RP3.12.0_sprint12_rc3_scfOn_multi_ayla_plat_14.59_Apr152021.zip,AC000W019362704,3095871B7F63,a4:bb:6d:ce:ca:1c,KAY-DT-43,2021-05-18 15:03:48.730220,37.322,22.031,3.696,success,noInfo,0.791,1.41,2.214
noInfo,J26Q3082A1I1,RV2520A0US,Lidar360P3.12.0_sprint12_rc3_scfOn_FV0.0.8_M1.0.60_RP3.12.0_sprint12_rc3_scfOn_multi_ayla_plat_14.59_Apr152021.zip,AC000W019362705,3095871B7F9C,a4:bb:6d:ce:ca:1c,KAY-DT-43,2021-05-18 15:05:13.276244,38.463,22.534,11.042,success,noInfo,1.114,1.16,2.243
noInfo,J26Q3082A1P9,RV2520A0US,Lidar360P3.12.0_sprint12_rc3_scfOn_FV0.0.8_M1.0.60_RP3.12.0_sprint12_rc3_scfOn_multi_ayla_plat_14.59_Apr152021.zip,AC000W019362706,3095871B7D13,a4:bb:6d:ce:ca:1c,KAY-DT-43,2021-05-18 15:07:42.954166,38.553,22.771,11.072,success,noInfo,1.118,1.148,2.218
noInfo,J26Q3081Z9I7,RV2520S0US,Lidar360P3.12.0_sprint12_rc3_scfOn_FV0.0.8_M1.0.60_RP3.12.0_sprint12_rc3_scfOn_multi_ayla_plat_14.59_Apr152021.zip,None_J26Q3081Z9I7,,a4:bb:6d:ce:ca:1c,KAY-DT-43,2021-05-18 15:09:58.683093,30.425,22.771,3.709,failed,noInfo,0.783,1.148,2.218
noInfo,J26Q3081Z9I7,RV2520S0US,Lidar360P3.12.0_sprint12_rc3_scfOn_FV0.0.8_M1.0.60_RP3.12.0_sprint12_rc3_scfOn_multi_ayla_plat_14.59_Apr152021.zip,None_J26Q3081Z9I7,,a4:bb:6d:ce:ca:1c,KAY-DT-43,2021-05-18 15:11:04.827240,29.366,22.771,3.699,failed,noInfo,0.778,1.148,2.218
noInfo,J26Q3081Z9I7,RV2520S0US,Lidar360P3.12.0_sprint12_rc3_scfOn_FV0.0.8_M1.0.60_RP3.12.0_sprint12_rc3_scfOn_multi_ayla_plat_14.59_Apr152021.zip,AC000W019362707,3095871B7741,a4:bb:6d:ce:ca:1c,KAY-DT-43,2021-05-18 15:12:48.289691,33.555,21.65,3.711,success,noInfo,0.825,1.351,2.205
noInfo,J26Q3081Z9O3,RV2520S0US,Lidar360P3.12.0_sprint12_rc3_scfOn_FV0.0.8_M1.0.60_RP3.12.0_sprint12_rc3_scfOn_multi_ayla_plat_14.59_Apr152021.zip,AC000W019362708,3095871B7F0E,a4:bb:6d:ce:ca:1c,KAY-DT-43,2021-05-18 15:14:14.666226,37.713,22.478,11.113,success,noInfo,1.126,1.099,2.224
noInfo,J26Q3081Z9N2,RV2520S0US,Lidar360P3.12.0_sprint12_rc3_scfOn_FV0.0.8_M1.0.60_RP3.12.0_sprint12_rc3_scfOn_multi_ayla_plat_14.59_Apr152021.zip,AC000W019362709,3095871B7D68,a4:bb:6d:ce:ca:1c,KAY-DT-43,2021-05-18 15:15:56.259850,38.598,21.95,10.853,success,noInfo,1.113,1.089,2.226
noInfo,J26Q3081Z9N4,RV2520S0US,Lidar360P3.12.0_sprint12_rc3_scfOn_FV0.0.8_M1.0.60_RP3.12.0_sprint12_rc3_scfOn_multi_ayla_plat_14.59_Apr152021.zip,AC000W019362710,3095871B7F18,a4:bb:6d:ce:ca:1c,KAY-DT-43,2021-05-18 15:17:30.794532,37.49,21.787,11.708,success,noInfo,1.114,1.364,2.281
noInfo,J26Q3081Z9K9,RV2520S0US,Lidar360P3.12.0_sprint12_rc3_scfOn_FV0.0.8_M1.0.60_RP3.12.0_sprint12_rc3_scfOn_multi_ayla_plat_14.59_Apr152021.zip,AC000W019362711,3095871B7D76,a4:bb:6d:ce:ca:1c,KAY-DT-43,2021-05-18 15:20:39.666227,37.584,22.633,11.658,success,noInfo,1.124,1.079,2.24
noInfo,J26Q3081Z9O0,RV2520S0US,Lidar360P3.12.0_sprint12_rc3_scfOn_FV0.0.8_M1.0.60_RP3.12.0_sprint12_rc3_scfOn_multi_ayla_plat_14.59_Apr152021.zip,AC000W019362712,3095871B7D0B,a4:bb:6d:ce:ca:1c,KAY-DT-43,2021-05-18 15:22:33.411608,36.523,22.564,11.636,success,noInfo,1.118,1.093,2.269
noInfo,J26Q3081Z9N7,RV2520S0US,Lidar360P3.12.0_sprint12_rc3_scfOn_FV0.0.8_M1.0.60_RP3.12.0_sprint12_rc3_scfOn_multi_ayla_plat_14.59_Apr152021.zip,AC000W019362713,3095871B7CFB,a4:bb:6d:ce:ca:1c,KAY-DT-43,2021-05-18 15:24:22.179596,38.566,22.476,11.256,success,noInfo,1.126,1.121,2.332
noInfo,J16Q3081Z6I3,RV2520SOUS,Lidar360P3.12.0_sprint12_rc3_scfOn_FV0.0.8_M1.0.60_RP3.12.0_sprint12_rc3_scfOn_multi_ayla_plat_14.59_Apr152021.zip,AC000W019362714,3095871B7C5A,a4:bb:6d:ce:ca:1c,KAY-DT-43,2021-05-18 15:27:59.353428,37.903,22.309,12.314,success,noInfo,1.121,2.583,0.799
noInfo,J26Q3081Z9J1,RV2520S0US,Lidar360P3.12.0_sprint12_rc3_scfOn_FV0.0.8_M1.0.60_RP3.12.0_sprint12_rc3_scfOn_multi_ayla_plat_14.59_Apr152021.zip,AC000W019362715,3095871B7767,a4:bb:6d:ce:ca:1c,KAY-DT-43,2021-05-18 15:32:52.969552,39.453,22.858,11.649,success,noInfo,1.22,2.626,1.109
noInfo,J26Q3081Z9K0,RV2520S0US,Lidar360P3.12.0_sprint12_rc3_scfOn_FV0.0.8_M1.0.60_RP3.12.0_sprint12_rc3_scfOn_multi_ayla_plat_14.59_Apr152021.zip,AC000W019362716,3095871B7902,a4:bb:6d:ce:ca:1c,KAY-DT-43,2021-05-18 15:37:40.681679,37.741,22.096,11.512,success,noInfo,1.127,2.652,1.129
noInfo,J26Q3082A1O4,RV2520A0US,Lidar360P3.12.0_sprint12_rc3_scfOn_FV0.0.8_M1.0.60_RP3.12.0_sprint12_rc3_scfOn_multi_ayla_plat_14.59_Apr152021.zip,AC000W019362717,3095871B7C37,a4:bb:6d:ce:ca:1c,KAY-DT-43,2021-05-18 15:39:26.569255,38.493,22.425,11.005,success,noInfo,1.207,2.25,1.124
noInfo,J26Q3081Z9J1,RV2520S0US,Lidar360P3.12.0_sprint12_rc3_scfOn_FV0.0.8_M1.0.60_RP3.12.0_sprint12_rc3_scfOn_multi_ayla_plat_14.59_Apr152021.zip,AC000W019362718,3095871B7767,a4:bb:6d:ce:ca:1c,KAY-DT-43,2021-05-18 15:41:26.182254,42.642,21.804,3.713,success,noInfo,1.368,2.235,0.783
noInfo,J26Q3082A1J3,RV2520A0US,Lidar360P3.12.0_sprint12_rc3_scfOn_FV0.0.8_M1.0.60_RP3.12.0_sprint12_rc3_scfOn_multi_ayla_plat_14.59_Apr152021.zip,AC000W019362719,3095871B7D12,a4:bb:6d:ce:ca:1c,KAY-DT-43,2021-05-18 15:46:26.457402,36.178,23.014,11.195,success,noInfo,1.273,2.235,1.136
noInfo,J26Q3082A1H2,RV2520A0US,Lidar360P3.12.0_sprint12_rc3_scfOn_FV0.0.8_M1.0.60_RP3.12.0_sprint12_rc3_scfOn_multi_ayla_plat_14.59_Apr152021.zip,None_J26Q3082A1H2,,a4:bb:6d:ce:ca:1c,KAY-DT-43,2021-05-18 15:49:04.848081,29.469,,11.51,failed,noInfo,1.153
noInfo,J26Q3082A1H2,RV2520A0US,Lidar360P3.12.0_sprint12_rc3_scfOn_FV0.0.8_M1.0.60_RP3.12.0_sprint12_rc3_scfOn_multi_ayla_plat_14.59_Apr152021.zip,None_J26Q3082A1H2,3095871B78D3,a4:bb:6d:ce:ca:1c,KAY-DT-43,2021-05-18 15:49:55.418172,37.456,22.617,3.718,failed,noInfo,0.796,10.415,2.675
noInfo,J26Q3082A1H2,RV2520A0US,Lidar360P3.12.0_sprint12_rc3_scfOn_FV0.0.8_M1.0.60_RP3.12.0_sprint12_rc3_scfOn_multi_ayla_plat_14.59_Apr152021.zip,None_J26Q3082A1H2,,a4:bb:6d:ce:ca:1c,KAY-DT-43,2021-05-18 15:51:58.087516,30.282,,3.706,failed,noInfo,0.791
noInfo,J26Q3082A1H2,RV2520A0US,Lidar360P3.12.0_sprint12_rc3_scfOn_FV0.0.8_M1.0.60_RP3.12.0_sprint12_rc3_scfOn_multi_ayla_plat_14.59_Apr152021.zip,None_J26Q3082A1H2,3095871B78D3,a4:bb:6d:ce:ca:1c,KAY-DT-43,2021-05-18 15:53:42.704780,44.667,22.074,3.705,failed,noInfo,0.78,10.459,2.67
noInfo,J26Q3082A1H2,RV2520A0US,Lidar360P3.12.0_sprint12_rc3_scfOn_FV0.0.8_M1.0.60_RP3.12.0_sprint12_rc3_scfOn_multi_ayla_plat_14.59_Apr152021.zip,None_J26Q3082A1H2,3095871B78D3,a4:bb:6d:ce:ca:1c,KAY-DT-43,2021-05-18 15:55:42.765080,36.444,22.747,3.684,failed,noInfo,0.782,10.432,2.594
noInfo,J28Q3081Z1F6,RV2520AEUS,Lidar360P3.12.0_sprint12_rc3_scfOn_FV0.0.8_M1.0.60_RP3.12.0_sprint12_rc3_scfOn_multi_ayla_plat_14.59_Apr152021.zip,None_J28Q3081Z1F6,,a4:bb:6d:ce:ca:1c,KAY-DT-43,2021-05-18 15:57:30.969275,29.178,22.747,11.144,failed,noInfo,1.108,10.432,2.594
noInfo,J28Q3081Z1F6,RV2520AEUS,Lidar360P3.12.0_sprint12_rc3_scfOn_FV0.0.8_M1.0.60_RP3.12.0_sprint12_rc3_scfOn_multi_ayla_plat_14.59_Apr152021.zip,None_J28Q3081Z1F6,3095871B7D0A,a4:bb:6d:ce:ca:1c,KAY-DT-43,2021-05-18 15:58:47.408267,48.589,22.509,3.71,failed,noInfo,0.791,10.276,2.301
noInfo,J28Q3081Z1F6,RV2520AEUS,Lidar360P3.12.0_sprint12_rc3_scfOn_FV0.0.8_M1.0.60_RP3.12.0_sprint12_rc3_scfOn_multi_ayla_plat_14.59_Apr152021.zip,AC000W019362689,3095871B7D0A,a4:bb:6d:ce:ca:1c,KAY-DT-43,2021-05-18 16:19:24.230954,37.798,21.623,3.703,success,noInfo,1.349,2.575,0.782
noInfo,J26Q3081Z9L8,RV2520S0US,Lidar360P3.12.0_sprint12_rc3_scfOn_FV0.0.8_M1.0.60_RP3.12.0_sprint12_rc3_scfOn_multi_ayla_plat_14.59_Apr152021.zip,AC000W019362770,3095871B7F8C,a4:bb:6d:ce:ca:1c,KAY-DT-43,2021-05-18 16:25:42.703440,40.575,21.657,11.728,success,noInfo,1.33,2.568,1.125
noInfo,J26Q3081Z9L1,RV2520S0US,Lidar360P3.12.0_sprint12_rc3_scfOn_FV0.0.8_M1.0.60_RP3.12.0_sprint12_rc3_scfOn_multi_ayla_plat_14.59_Apr152021.zip,AC000W019362771,3095871B789F,a4:bb:6d:ce:ca:1c,KAY-DT-43,2021-05-18 16:27:52.990747,33.461,22.268,11.5,success,noInfo,1.168,2.248,1.116
noInfo,J26Q3082A1H2,RV2520A0US,Lidar360P3.12.0_sprint12_rc3_scfOn_FV0.0.8_M1.0.60_RP3.12.0_sprint12_rc3_scfOn_multi_ayla_plat_14.59_Apr152021.zip,AC000W019362772,3095871B78D3,a4:bb:6d:ce:ca:1c,KAY-DT-43,2021-05-18 16:31:23.039438,37.611,22.05,3.697,success,noInfo,1.282,2.165,0.779
noInfo,J28Q3081Z1H1,RV2520AEUS,Lidar360P3.12.0_sprint12_rc3_scfOn_FV0.0.8_M1.0.60_RP3.12.0_sprint12_rc3_scfOn_multi_ayla_plat_14.59_Apr152021.zip,AC000W019362773,3095871B77AB,a4:bb:6d:ce:ca:1c,KAY-DT-43,2021-05-18 16:33:14.439442,38.472,21.647,11.018,success,noInfo,1.607,2.276,1.13
noInfo,J26Q3082A1N0,RV2520A0US,Lidar360P3.12.0_sprint12_rc3_scfOn_FV0.0.8_M1.0.60_RP3.12.0_sprint12_rc3_scfOn_multi_ayla_plat_14.59_Apr152021.zip,AC000W019362774,3095871B7D8D,a4:bb:6d:ce:ca:1c,KAY-DT-43,2021-05-18 16:35:10.462944,37.559,21.937,11.057,success,noInfo,1.348,2.222,1.12
noInfo,J28Q3081Z0R5,RV2520SEUS,Lidar360P3.12.0_sprint12_rc3_scfOn_FV0.0.8_M1.0.60_RP3.12.0_sprint12_rc3_scfOn_multi_ayla_plat_14.59_Apr152021.zip,AC000W019362775,3095871B7DAD,a4:bb:6d:ce:ca:1c,KAY-DT-43,2021-05-18 16:36:37.151485,38.7,22.349,10.988,success,noInfo,1.193,2.239,1.111
noInfo,J26Q3081Z9I6,RV2520S0US,Lidar360P3.12.0_sprint12_rc3_scfOn_FV0.0.8_M1.0.60_RP3.12.0_sprint12_rc3_scfOn_multi_ayla_plat_14.59_Apr152021.zip,AC000W019362776,3095871B7F80,a4:bb:6d:ce:ca:1c,KAY-DT-43,2021-05-18 16:38:26.247585,39.546,22.52,11.063,success,noInfo,1.206,2.238,1.132
noInfo,J26Q3082A1W8,RV2520A0US,Lidar360P3.12.0_sprint12_rc3_scfOn_FV0.0.8_M1.0.60_RP3.12.0_sprint12_rc3_scfOn_multi_ayla_plat_14.59_Apr152021.zip,AC000W019362777,3095871B7F5D,a4:bb:6d:ce:ca:1c,KAY-DT-43,2021-05-18 16:40:08.742948,38.75,21.911,11.042,failed,noInfo,1.265,1.52,1.12
noInfo,J26Q3082A1W8,RV2520A0US,Lidar360P3.12.0_sprint12_rc3_scfOn_FV0.0.8_M1.0.60_RP3.12.0_sprint12_rc3_scfOn_multi_ayla_plat_14.59_Apr152021.zip,AC000W019362778,3095871B7F5D,a4:bb:6d:ce:ca:1c,KAY-DT-43,2021-05-18 16:41:55.383407,37.927,22.454,3.716,success,noInfo,1.094,2.214,0.788
noInfo,K10Q3081Z5V3,RV2520A0US,Lidar360P3.13.0_sprint13_rc7_FV0.0.8_M0.0.68_GM1.0.68_RP3.13.0_sprint13_rc7_multi_ayla_plat_16.17_May172021.zip,AC000W019362779,3095871B7E58,a4:bb:6d:ce:ca:1c,KAY-DT-43,2021-05-18 18:19:10.168733,39.307,23.158,11.854,success,noInfo,1.169,2.618,0.823
noInfo,K18Q3081Z6L2,RV2520AEUS,Lidar360P3.13.0_sprint13_rc7_FV0.0.8_M0.0.68_GM1.0.68_RP3.13.0_sprint13_rc7_multi_ayla_plat_16.17_May172021.zip,AC000W019362780,3095871B7D93,a4:bb:6d:ce:ca:1c,KAY-DT-43,2021-05-18 18:23:06.738472,38.473,23.885,11.987,success,noInfo,1.135,2.61,0.783
noInfo,K10Q3081Z5V3,RV2520A0US,Lidar360P3.13.0_sprint13_rc7_FV0.0.8_M0.0.68_GM1.0.68_RP3.13.0_sprint13_rc7_multi_ayla_plat_16.17_May172021.zip,AC000W019362781,3095871B7E58,a4:bb:6d:ce:ca:1c,KAY-DT-43,2021-05-18 18:44:34.625138,37.605,22.885,3.839,success,noInfo,1.202,2.262,0.797
noInfo,K18Q3081Z6L4,RV2520AEUS,Lidar360P3.13.0_sprint13_rc7_FV0.0.8_M0.0.68_GM1.0.68_RP3.13.0_sprint13_rc7_multi_ayla_plat_16.17_May172021.zip,AC000W019362782,3095871B7E7D,a4:bb:6d:ce:ca:1c,KAY-DT-43,2021-05-18 18:49:53.513707,32.602,22.983,12.067,success,noInfo,1.124,2.367,0.788
noInfo,K18Q3081Z6L1,RV2520AEUS,Lidar360P3.13.0_sprint13_rc7_FV0.0.8_M0.0.68_GM1.0.68_RP3.13.0_sprint13_rc7_multi_ayla_plat_16.17_May172021.zip,AC000W019362783,3095871B7E17,a4:bb:6d:ce:ca:1c,KAY-DT-43,2021-05-18 18:55:50.575280,36.558,22.711,12.096,success,noInfo,1.154,2.255,0.787
noInfo,K18Q3081Z6K8,RV2520AEUS,Lidar360P3.13.0_sprint13_rc7_FV0.0.8_M0.0.68_GM1.0.68_RP3.13.0_sprint13_rc7_multi_ayla_plat_16.17_May172021.zip,AC000W019362784,3095871B7E16,a4:bb:6d:ce:ca:1c,KAY-DT-43,2021-05-18 18:58:07.306519,37.594,23.202,12.061,success,noInfo,1.206,2.264,0.794
noInfo,K18Q3081Z6L3,RV2520AEUS,Lidar360P3.13.0_sprint13_rc7_FV0.0.8_M0.0.68_GM1.0.68_RP3.13.0_sprint13_rc7_multi_ayla_plat_16.17_May172021.zip,AC000W019362785,3095871B7E2A,a4:bb:6d:ce:ca:1c,KAY-DT-43,2021-05-18 19:01:03.849952,33.55,23.08,12.012,success,noInfo,1.196,2.295,0.802
noInfo,K18Q3081Z6L0,RV2520AEUS,Lidar360P3.13.0_sprint13_rc7_FV0.0.8_M0.0.68_GM1.0.68_RP3.13.0_sprint13_rc7_multi_ayla_plat_16.17_May172021.zip,AC000W019362786,3095871B7E09,a4:bb:6d:ce:ca:1c,KAY-DT-43,2021-05-18 19:03:07.808473,38.729,22.904,12.049,success,noInfo,1.185,2.265,0.816
noInfo,K18Q3081Z6K9,RV2520AEUS,Lidar360P3.13.0_sprint13_rc7_FV0.0.8_M0.0.68_GM1.0.68_RP3.13.0_sprint13_rc7_multi_ayla_plat_16.17_May172021.zip,AC000W019362787,3095871B7DFF,a4:bb:6d:ce:ca:1c,KAY-DT-43,2021-05-18 19:04:40.084486,38.655,22.556,12.135,success,noInfo,1.145,2.271,0.784
noInfo,K10Q3081Z5V7,RV2520A0US,Lidar360P3.13.0_sprint13_rc7_FV0.0.8_M0.0.68_GM1.0.68_RP3.13.0_sprint13_rc7_multi_ayla_plat_16.17_May172021.zip,AC000W019362788,3095871B7E87,a4:bb:6d:ce:ca:1c,KAY-DT-43,2021-05-18 19:07:31.751074,36.517,24.002,12.026,success,noInfo,1.216,2.271,0.782
noInfo,K10Q3081Z5Z8,RV2520S0US,Lidar360P3.13.0_sprint13_rc7_FV0.0.8_M0.0.68_GM1.0.68_RP3.13.0_sprint13_rc7_multi_ayla_plat_16.17_May172021.zip,AC000W019362789,3095871B7E7C,a4:bb:6d:ce:ca:1c,KAY-DT-43,2021-05-18 19:09:43.494483,33.39,22.963,12.429,success,noInfo,1.083,2.27,0.809
noInfo,K10Q3081Z5V3,RV2520A0US,Lidar360P3.13.0_sprint13_rc7_FV0.0.8_M0.0.68_GM1.0.68_RP3.13.0_sprint13_rc7_multi_ayla_plat_16.17_May172021.zip,AC000W019362790,3095871B7E58,a4:bb:6d:ce:ca:1c,KAY-DT-43,2021-05-18 19:13:39.761324,32.548,22.746,3.867,success,noInfo,1.126,2.225,0.802
noInfo,K10Q3081Z5U8,RV2520A0US,Lidar360P3.13.0_sprint13_rc7_FV0.0.8_M0.0.68_GM1.0.68_RP3.13.0_sprint13_rc7_multi_ayla_plat_16.17_May172021.zip,AC000W019362791,3095871B7E08,a4:bb:6d:ce:ca:1c,KAY-DT-43,2021-05-18 19:16:04.538244,37.534,23.351,12.087,success,noInfo,1.103,2.253,0.786
noInfo,K10Q3081Z5V3,RV2520A0US,Lidar360P3.13.0_sprint13_rc7_FV0.0.8_M0.0.68_GM1.0.68_RP3.13.0_sprint13_rc7_multi_ayla_plat_16.17_May172021.zip,AC000W019362792,3095871B7E58,a4:bb:6d:ce:ca:1c,KAY-DT-43,2021-05-18 19:18:29.441570,37.597,22.534,3.844,failed,noInfo,1.159,1.169,0.79
noInfo,K10Q3081Z5V3,RV2520A0US,Lidar360P3.13.0_sprint13_rc7_FV0.0.8_M0.0.68_GM1.0.68_RP3.13.0_sprint13_rc7_multi_ayla_plat_16.17_May172021.zip,AC000W019362793,3095871B7E58,a4:bb:6d:ce:ca:1c,KAY-DT-43,2021-05-18 19:20:03.488283,37.572,22.587,3.845,success,noInfo,1.186,2.223,0.796
noInfo,K10Q3081Z5W1,RV2520A0US,Lidar360P3.13.0_sprint13_rc7_FV0.0.8_M0.0.68_GM1.0.68_RP3.13.0_sprint13_rc7_multi_ayla_plat_16.17_May172021.zip,AC000W019362794,3095871B7E14,a4:bb:6d:ce:ca:1c,KAY-DT-43,2021-05-18 19:21:34.216663,38.527,22.836,12.072,success,noInfo,1.171,2.318,0.797
noInfo,K10Q3081Z5Z7,RV2520S0US,Lidar360P3.13.0_sprint13_rc7_FV0.0.8_M0.0.68_GM1.0.68_RP3.13.0_sprint13_rc7_multi_ayla_plat_16.17_May172021.zip,AC000W019362795,3095871B7E86,a4:bb:6d:ce:ca:1c,KAY-DT-43,2021-05-18 19:24:45.081824,33.626,22.941,12.104,success,noInfo,1.134,2.205,0.79
noInfo,K18Q3081Z6H2,RV2520ACUS,Lidar360P3.13.0_sprint13_rc7_FV0.0.8_M0.0.68_GM1.0.68_RP3.13.0_sprint13_rc7_multi_ayla_plat_16.17_May172021.zip,AC000W019362796,3095871B7E2B,a4:bb:6d:ce:ca:1c,KAY-DT-43,2021-05-18 19:31:28.244887,33.303,23.328,12.159,success,noInfo,1.155,2.323,0.781
noInfo,K18Q3081Z6G9,RV2520ACUS,Lidar360P3.13.0_sprint13_rc7_FV0.0.8_M0.0.68_GM1.0.68_RP3.13.0_sprint13_rc7_multi_ayla_plat_16.17_May172021.zip,AC000W019362797,3095871B7E5B,a4:bb:6d:ce:ca:1c,KAY-DT-43,2021-05-18 19:36:39.119450,37.455,22.593,12.04,success,noInfo,1.156,2.27,0.785
noInfo,K18Q3081Z6H3,RV2520ACUS,Lidar360P3.13.0_sprint13_rc7_FV0.0.8_M0.0.68_GM1.0.68_RP3.13.0_sprint13_rc7_multi_ayla_plat_16.17_May172021.zip,None_K18Q3081Z6H3,,a4:bb:6d:ce:ca:1c,KAY-DT-43,2021-05-18 19:38:06.879183,34.007,22.593,11.87,failed,noInfo,1.156,2.27,0.787
noInfo,K18Q3081Z6H3,RV2520ACUS,Lidar360P3.13.0_sprint13_rc7_FV0.0.8_M0.0.68_GM1.0.68_RP3.13.0_sprint13_rc7_multi_ayla_plat_16.17_May172021.zip,AC000W019362798,3095871B7E4E,a4:bb:6d:ce:ca:1c,KAY-DT-43,2021-05-18 19:39:10.925937,37.205,22.775,3.838,failed,noInfo,1.16,1.439,0.779
noInfo,K18Q3081Z6H3,RV2520ACUS,Lidar360P3.13.0_sprint13_rc7_FV0.0.8_M0.0.68_GM1.0.68_RP3.13.0_sprint13_rc7_multi_ayla_plat_16.17_May172021.zip,AC000W019362799,3095871B7E4E,a4:bb:6d:ce:ca:1c,KAY-DT-43,2021-05-18 19:41:14.991332,37.651,22.641,3.837,success,noInfo,1.17,2.241,0.803
noInfo,K18Q3081Z6H0,RV2520ACUS,Lidar360P3.13.0_sprint13_rc7_FV0.0.8_M0.0.68_GM1.0.68_RP3.13.0_sprint13_rc7_multi_ayla_plat_16.17_May172021.zip,AC000W019362800,3095871B7E15,a4:bb:6d:ce:ca:1c,KAY-DT-43,2021-05-18 19:42:41.487446,36.573,22.695,12.021,success,noInfo,1.156,2.221,0.798
noInfo,K10Q3081Z5T2,RV2520A0US,Lidar360P3.13.0_sprint13_rc7_FV0.0.8_M0.0.68_GM1.0.68_RP3.13.0_sprint13_rc7_multi_ayla_plat_16.17_May172021.zip,AC000W019362801,3095871B7F7E,a4:bb:6d:ce:ca:1c,KAY-DT-43,2021-05-19 14:54:10.890234,38.979,22.651,12.651,success,noInfo,1.22,2.315,0.798
